"","id","n"
"1","2685e76p824xg7ndgame-level",10
"2","2685e76pmke0e8d6game-level",13
"3","2689591prklr48kngame-level",10
"4","2689591pwk6vyeedgame-level",9
"5","268e7n76w2037652game-level",9
"6","268ekxy6n2y7rvz2game-level",13
"7","268erm76vdoxgl9dgame-level",9
"8","268ex4o6w20ylqjkgame-level",10
"9","268exwy6vdo31v9dgame-level",12
"10","268n096pq25onggkgame-level",9
"11","268q8o6p9kvo38j2game-level",10
"12","268wlo6pxd13oxrkgame-level",12
"13","29d30dlpjzd3y2nqgame-level",12
"14","29d30dlpl9kvjkgqgame-level",11
"15","29d30dlpnxd1rk8qgame-level",12
"16","29d30dlprkle7mw2game-level",10
"17","29d30dlpz2771020game-level",11
"18","3698ngdlrklrw6kngame-level",9
"19","369g901ln2yv5e72game-level",10
"20","369p7el1zd3wng8kgame-level",16
"21","369p9l1l7kjzj3d3game-level",10
"22","369pky817kj8o5gdgame-level",9
"23","369pky819kv6l382game-level",10
"24","369pky81n2y931zdgame-level",10
"25","369pky81n2y9e4edgame-level",10
"26","369pky81z274mp52game-level",10
"27","369pky81zdnlnm72game-level",10
"28","369pp381wkpo3rw2game-level",10
"29","369pp381xk9gv1ydgame-level",11
"30","369pqq315dw66og2game-level",9
"31","369prm21824jpqe2game-level",10
"32","3dx2lw41rklrw4rkgame-level",9
"33","3dx2w9y1n2y9zj7dgame-level",10
"34","3dx3yydy5dwqxndggame-level",9
"35","3dx57v1yq25rpjkogame-level",9
"36","3dxe951y9kvq8oodgame-level",9
"37","3dxe951yrkl95lrkgame-level",9
"38","3dxkz0v15dw1v5nkgame-level",11
"39","3dxkz0v19kv83mjdgame-level",20
"40","3dxkz0v1mkex8zxdgame-level",9
"41","3dxkz0v1ndx3qjodgame-level",11
"42","3dxl5ydy824x1nmdgame-level",14
"43","3dxl5ydyjdz37l32game-level",10
"44","46w0n91r02ql37pkgame-level",14
"45","46w0n91r5dwy905kgame-level",12
"46","46w0n91r7dg5xzg2game-level",14
"47","46w0n91rmkejvej2game-level",12
"48","46w0n91rwkpq9pjdgame-level",11
"49","46w2l76r02qg3wpdgame-level",9
"50","46w2wo76w20no45dgame-level",9
"51","46w305q1vdox671dgame-level",11
"52","46w33031wk68jge2game-level",10
"53","46w382n1xd1v1yzdgame-level",9
"54","46w382n1zdn8npxdgame-level",9
"55","46w39on19d8gxx6kgame-level",9
"56","46w3ln1r7kjzlxd3game-level",11
"57","46w3xjq1n2ygo8e2game-level",10
"58","46wjv7drjdrrygd6game-level",10
"59","4d74xld7vdo9j1dpgame-level",12
"60","4d7923319kv9z532game-level",9
"61","4d792331rklry48kgame-level",11
"62","4d792331w20xqn52game-level",13
"63","4d792331xd1vp9wdgame-level",12
"64","4d792331zd3xenrdgame-level",9
"65","4d794qg15dw8eggdgame-level",9
"66","4d794qg1wkpvl3vkgame-level",15
"67","4d7nw367wkpyz0jkgame-level",11
"68","4d7p4rd7jdr1nqn2game-level",10
"69","4d7y5zd77dgng872game-level",11
"70","4d7y5zd78241elw2game-level",13
"71","4d7y5zd7zd3oymndgame-level",10
"72","4pd03de5z27lp3gdgame-level",9
"73","4pd03de5zdnw31xdgame-level",9
"74","4pd0k21exd1m68d8game-level",15
"75","4pd0k21ezd3ypn2ngame-level",10
"76","4pdver6w9d866362game-level",14
"77","4pdver6wjdrpq026game-level",13
"78","4pdver6wjdz53xdvgame-level",10
"79","4pdvgodw9kv7nokggame-level",10
"80","4pdvgodwzd38q8kngame-level",10
"81","576rzld87kjrox23game-level",11
"82","576rzld8xk9lwyk0game-level",10
"83","76r35l68zdnw657dgame-level",9
"84","76r3q46802q3vykygame-level",9
"85","76r3q468jdz9wg2vgame-level",10
"86","76r3y856mkey8x62game-level",14
"87","76r9846802qj3z9dgame-level",11
"88","76rjrq189kv3n02ggame-level",11
"89","76rkwed8ndxmj4r2game-level",12
"90","76rkwed8xd1erv42game-level",16
"91","76rkwed8zd360xvdgame-level",11
"92","76royl68jdz5zg3dgame-level",9
"93","76rq8vd8mkejq592game-level",11
"94","8m1zzm10zd3lvmvdgame-level",9
"95","8nd20r609d8z16dngame-level",9
"96","946w031rwkpyr1jkgame-level",11
"97","946wk96rndx8lvkqgame-level",10
"98","9d3000dlwk683xo2game-level",9
"99","9d3000dlxd1v5w4drw6mo4r9",13
"100","9d385g1lxk98yv20game-level",9
"101","9d385vg102qrv0zkgame-level",12
"102","9d385vg1jdrnlm0kgame-level",12
"103","9d385vg1jdznwjxdgame-level",13
"104","9d385vg1q251mvwdgame-level",10
"105","9d385vg1q251xvwdgame-level",10
"106","9d385vg1xk9xvmxkgame-level",9
"107","9d385vg1zdny8v7kgame-level",18
"108","9d38e2g1xk9x0vvkgame-level",9
"109","9d3r70ed02qlqnykgame-level",10
"110","9d3rpowdwk60p9qkgame-level",10
"111","9d3rvzwd02q3q97kgame-level",10
"112","9d3rvzwd5dw4095kgame-level",14
"113","9d3rvzwd7kj3q1x2game-level",12
"114","9d3rvzwdjdrvq8n2game-level",10
"115","9d3wgy1lw208nvdngame-level",9
"116","9do3e7dpwdmz4wx2game-level",9
"117","9do5mk1pq2580yv2game-level",9
"118","9do8mm1p7kjr9nx2game-level",9
"119","9do8mm1pzdnqyjqdgame-level",9
"120","9do8p71p02q3wjkygame-level",9
"121","9do92odpvdo4x3o2game-level",9
"122","9dokge1p5dwnqndggame-level",12
"123","9dokge1pwkpne0drgame-level",10
"124","9dokge1pzd3qonkngame-level",11
"125","9dow9e1pjdz89gdvgame-level",11
"126","9dow9e1pq25qqv2ogame-level",10
"127","9dow9rm19kvog532rdq50l2d",9
"128","9dow9rm1wdmx1x4kgame-level",13
"129","9dowpe1pvdo3l9dpgame-level",22
"130","9j1l576gq2540wdogame-level",9
"131","j1l7kedg9kvx31o2game-level",12
"132","j1ll5le1zdnyqp9kgame-level",9
"133","j1ll8jv1rkljox8dgame-level",13
"134","j1ll8jv1xk9nzlg2z98np819",9
"135","j1lq546g5dw1570kgame-level",10
"136","j1lzzj6gw20ppjzkgame-level",9
"137","j1n8ekw1zd3vj3n2game-level",9
"138","j1n8ekw1zd3vqrv2game-level",9
"139","j1n8q9l17kj90gn2game-level",10
"140","j1ne4y917kjpejnkgame-level",9
"141","j1ne4y91rklq1l62game-level",12
"142","j1ne85l1q25qwgw2game-level",10
"143","j1neozx1wkp04lg2game-level",11
"144","j1ng5w6pmke6yjd6game-level",9
"145","j1ngme6pwk6w70o2game-level",10
"146","j1npme6p9d86nz62game-level",15
"147","j1npme6pxd114pzdgame-level",9
"148","j1npme6pzd301qedgame-level",13
"149","j1nqoy1pzd30e6vd5wkk0z2w",9
"150","j1nqoy1pzd30e6vdgdrprm6w",12
"151","j1nqoy1pzd30e6vdywe20ryw",9
"152","j1nqoy1pzdn0zq72game-level",9
"153","jy65301e02qljx7kgame-level",9
"154","jy65301ezd37yme2game-level",10
"155","k6q474zd8240o13dgame-level",15
"156","k6q4kzdg7dg8xn425920qp3d",9
"157","k6q4yozd9kv7yjjkrdnr0rqw",10
"158","k6qgnmdg02ql5m9k29vmooq9",13
"159","k6qgnmdg02ql5m9kgdre30e9",13
"160","k6qgnmdg02ql5m9kn93q6v2w",13
"161","k6qgnmdg02ql5m9ko9xz1j3w",9
"162","k6qgnmdg02ql5m9kr9g3mp5w",10
"163","k6qgnmdg02ql5m9kr9gxek5w",9
"164","k6qgnmdg02ql5m9kxd0kzzm9",10
"165","k6qgnmdg02ql5m9kxd134r59",9
"166","k6qgnmdg02ql5m9kxd40qqq9",12
"167","k6qgnmdg02ql5m9kz98r1yrd",9
"168","k6qgnmdg7dg9n7lkgame-level",14
"169","kdk5e2dmjdrpj7x2game-level",17
"170","kdk5e2dmw20zj3odgame-level",11
"171","kdkqxgdmwdm9mxkqgame-level",9
"172","kdkrvl6m9kvxowe2game-level",9
"173","kdkxgg6m9kvmwxokgame-level",11
"174","kdkzvmldn2y5pv7kgame-level",10
"175","kdkzvzldzd3638rdgame-level",9
"176","kyd49x1e7dggn7d4game-level",9
"177","kyd4pxde824p8g25game-level",9
"178","kyd4pxdejdrq3ggkgame-level",9
"179","kyd4pxdeq25onyykgame-level",11
"180","kyd4pxdevdo4yv2pgame-level",10
"181","kyd4pxdexd1m7rd8game-level",17
"182","kyd4pxdezdnwj6edgame-level",16
"183","l3dx4g6y7dg6olk4game-level",9
"184","l3dxny1y7dggxpd4game-level",14
"185","l3dxny1ywkpy9wkrgame-level",11
"186","l3dxogdyjdrqy7lkgame-level",9
"187","l3dxogdywk68zp21game-level",12
"188","l3dxogdyzd30z7rdgame-level",11
"189","l3dxqp1y4xk93xk0game-level",9
"190","lde3nex69d8xnz32game-level",11
"191","lde3p8x68240v7mdgame-level",9
"192","lde3r2l6ndx4nzo2game-level",10
"193","lde3v3x602qvy0jdgame-level",29
"194","lde3z9l6xd17m77dgame-level",12
"195","ldej3o51824l9qgdgame-level",23
"196","ldej3o519d8on532game-level",13
"197","ldej3o51wk60wgpkgame-level",11
"198","ldejjmj182484nmkgame-level",11
"199","ldemjl13ndx8xljkgame-level",15
"200","ldemjl13rklg6mwdgame-level",13
"201","ldemjl13z277x442game-level",10
"202","m1m2oxd25dwpp7ekgame-level",13
"203","m1m2oxd27kjzg3gdgame-level",10
"204","m1m2oxd29kvpggjkgame-level",19
"205","m1m2oxd2jdz34wr2game-level",10
"206","m1m2oxd2z273wr5dgame-level",10
"207","m1m7pp127dgyx4d4game-level",11
"208","m1m7pp129kvn60dggame-level",14
"209","m1mgkj12zdn8l8edgame-level",9
"210","m1mjnk129kvpyw0kgame-level",12
"211","m1mnjexdzd3qj78kgame-level",10
"212","m1mr7j62wkpq8x0dgame-level",13
"213","m1mx0ox6jdzwl46dgame-level",11
"214","m1mx4jx6wdmx463kgame-level",10
"215","m1mx75p6mker558dgame-level",14
"216","m1mx75p6xk9vr84dgame-level",9
"217","m1mxl7p6wk6wx0r2game-level",9
"218","m1mxrr36w208pvodgame-level",15
"219","m1z9l2d05dw6zee2game-level",14
"220","m1z9l2d0824m59e2game-level",18
"221","m1z9l2d09kv95582game-level",9
"222","m1z9l2d0mkeqo0xkgame-level",9
"223","m1z9l2d0n2y9zxzdgame-level",13
"224","m1z9l2d0q25ezlg2game-level",12
"225","m1z9l2d0rklqveq2game-level",10
"226","m1z9l2d0vdoxwxodgame-level",17
"227","m1z9l2d0wkpmj40kgame-level",10
"228","m1zgg060w20zxjodgame-level",11
"229","m1zgg060wdm46p3dgame-level",9
"230","m1zljmd0jdrp7152xd100o69",9
"231","m1zmqx60mkeoo1jdgame-level",11
"232","m9dok1prjdr805k6game-level",9
"233","m9dozm1pwdmqx52qgame-level",9
"234","n268p5dpnxd13rk8game-level",10
"235","n4d7r1727wk6prd1game-level",15
"236","n4d7r172p7kjv4k3game-level",11
"237","n4d7r172q254wgdogame-level",11
"238","n4d7r172xn2yqmkogame-level",9
"239","nd28g0edrkl56rw2game-level",11
"240","nd28g83d7dgmvnxdgame-level",13
"241","nd28g83d824nzgwkgame-level",10
"242","nd28g83drkl5olq2game-level",10
"243","nd28g83dvdo5e81kgame-level",10
"244","nd28g83dwdm5pxx2game-level",9
"245","nd28g83dzd3jzwy2game-level",10
"246","nd2e9erd5dw7zllkgame-level",20
"247","nd2e9erd7dg4popdgame-level",26
"248","nd2e9erd7kj6vw42game-level",22
"249","nd2e9erdmkeqm06kgame-level",32
"250","nd2e9erdn2y9z41dgame-level",12
"251","nd2e9erdndx5pwjkgame-level",12
"252","nd2e9erdndxe00rkgame-level",12
"253","nd2e9erdvdom79v2game-level",26
"254","nd2evpqdwdmv5yedgame-level",10
"255","nd2evpqdzd3oj9edgame-level",9
"256","nd2ggq10n2yqzq8kgame-level",12
"257","nd2ggq10ndxjww12game-level",11
"258","nd2ggq10rklx88qkgame-level",10
"259","nd2ggq10vdo409o2game-level",10
"260","nd2ggq10w20p44vkgame-level",10
"261","nd2ggq10wdmqzy42game-level",14
"262","nd2ggq10wdmz11x2game-level",9
"263","nd2ggq10wkpyj4vkgame-level",11
"264","nd2ggq10xk907lykgame-level",17
"265","nd2ggq10z27gj7g2game-level",12
"266","nd2mev10wdm4154dgame-level",10
"267","nd2n2qd0xd19m7k8game-level",9
"268","nd2w83d0xk9p4yd0game-level",10
"269","nj1n4e6p02qgxl9dgame-level",9
"270","nj1nww1p9d8p1qkngame-level",11
"271","nj1nww1p9kvp50kggame-level",12
"272","o1y0wr6qwk6y0od1game-level",10
"273","o1y3qv6qn2y97edogame-level",9
"274","o1y9w8v602qv5jpdgame-level",18
"275","o1y9w8v6q25ery82game-level",9
"276","o1yjrv1qmkej1y92game-level",12
"277","o1yxvv6q7kjzq1ndgame-level",11
"278","o1yxvv6qn2yj37z2game-level",10
"279","o1yz5kdqn2y1nem2game-level",9
"280","o6g08xd2wdmxl6okgame-level",16
"281","o6g08xd2wkp1m3wkgame-level",18
"282","o6gkg9127dg0qlk4game-level",10
"283","o6glg48dn2ygqo12rdn246vd",9
"284","o6glg48dn2ygqo12rdq5421d",13
"285","o6glg48dn2ygqo12xd036m1d",9
"286","o6glg48dn2ygqo12xd4rg4p9",12
"287","o6glg48dn2ygqo12ywemxrrd",16
"288","o6glpzod8240oyedgame-level",9
"289","o6glpzod9d83w7w2game-level",10
"290","o6glpzodrklr8w6kgame-level",9
"291","o6glvqodz27m4n52game-level",16
"292","o6glxod27kjz6nd3game-level",12
"293","o6gn7o12jdreqnk6game-level",9
"294","o6gn7o12q253ojkogame-level",11
"295","o6gn7o12wdmzryo2game-level",9
"296","o6gn7o12wkp3yj2rgame-level",10
"297","o6gnq5129d84mlkngame-level",10
"298","o6gny5128241qm25game-level",12
"299","ok6qlo1gmkeon9d6game-level",9
"300","ok6qlo1gwdmze42qgame-level",11
"301","ok6qlo1gxd1rxxrkgame-level",10
"302","om1mpk1202qg5zdygame-level",12
"303","pd072l6ewdmp83dqgame-level",16
"304","pd0993demkelr19dgame-level",14
"305","pd0qq4v102q9w7pkgame-level",27
"306","pd0qq4v102q9zpzkgame-level",10
"307","pd0qq4v1jdr968xdgame-level",29
"308","pd0qq4v1jdr96yxdgame-level",9
"309","pd0qq4v1jdrrg3gdgame-level",17
"310","pd0qq4v1jdze0ovdgame-level",22
"311","pd0qq4v1n2yey9mkgame-level",9
"312","pd0qq4v1zdnngqndgame-level",18
"313","pd0w3qw19d84jg3kgame-level",19
"314","pd0w3qw1w20gvlzkgame-level",9
"315","pd0wj4217dgnqzp2game-level",14
"316","pd0wj421n2yg5x72game-level",9
"317","pd0wjp21w20gl5zkgame-level",9
"318","pd0wx9w18246jnmdgame-level",18
"319","pd0wx9w1zd36l5rdgame-level",26
"320","pdv294v6mkexjj6dgame-level",9
"321","pdv4qrdw9d863672game-level",15
"322","pdv4qrdwzd36predgame-level",9
"323","pdv94r1w7kjl9g23game-level",12
"324","pdvl8r1wxk9jv1ydgame-level",14
"325","pdvznzr6824nn0mkgame-level",15
"326","pdvznzr6824r35mdgame-level",21
"327","pdvznzr69d8yo9wkgame-level",20
"328","pdvznzr69kvn1j0dgame-level",14
"329","pdvzpo467dg4xwgdgame-level",12
"330","pdvzpo46xd1l18zkgame-level",9
"331","pdvzxmr6jdz645r2game-level",9
"332","pdvzxmr6q25ep4j2game-level",11
"333","pdvzxmr6z27m5102game-level",9
"334","qw6jp56j8247ee25game-level",10
"335","qw6jp56jrklg0ndngame-level",11
"336","qw6jp56jw20ze5dn5920l3d6",9
"337","qw6jqx1jzdnprxkqgame-level",9
"338","qw6jv76j37dg47d4game-level",11
"339","qw6jw41j02qgz7dyxd0k45x9",9
"340","qw6jw41jjdz3zr2v69zpx6w1",11
"341","qw6jw41jjdz3zr2vgdrpg8wz",9
"342","qw6jw41jjdz3zr2vxd40n09m",10
"343","v1p0x468q2548ovdgame-level",9
"344","v1p42z1802qogojkgame-level",11
"345","v1p42z18vdoo4y9dgame-level",11
"346","v1p4e418rklernr2game-level",9
"347","v1p4e418vdoq1yykgame-level",9
"348","v1plmp68n2y39y1dgame-level",11
"349","v1po7r7602qv087dgame-level",11
"350","v1po7r769kv9nz32xd130359",9
"351","v1po7r76mkeqn79kkwj8yv79",17
"352","v1po7r76mkeqn79kxd130359",14
"353","v1po7r76mkeqn79kywe3klr9",12
"354","v1po7r76rklrny8kkwj8yv79",16
"355","v1ponx76wdmvmz4dy9mg6l19",9
"356","v1ponx76zd3oqgndkwj6gnzd",11
"357","v1ponx76zd3oqgndowo5jzyd",11
"358","v1poy886mke4e0x2game-level",12
"359","v1poy886mkeqrynkgame-level",13
"360","v1pxmg865dw9yln2n93zkn7w",9
"361","w6j395dj5dwjj7ekgame-level",10
"362","w6j395djn2yqq7zkgame-level",9
"363","w6j54x1jjdz5yn6dgame-level",9
"364","w6j5y41j7dgglwxdgame-level",14
"365","w6j5y41jvdo4wr12game-level",19
"366","w6j5y41jwkpy680kgame-level",12
"367","w6j8p71jn2y7yw82game-level",10
"368","w6jl094dwdmxg1xkgame-level",13
"369","w6jl2z4djdro6ngdgame-level",10
"370","w6jl2z4dz274yw02game-level",10
"371","w6jl725d02qoyzykgame-level",12
"372","w6jl725djdz79jrkgame-level",13
"373","w6jl725dmkeryvxdgame-level",10
"374","w6jl725dxk9g1lgdgame-level",9
"375","w6jl725dz276y7odgame-level",10
"376","w6jlrn4d82404pedgame-level",9
"377","w6jlw74dwdmxoqek5wknzovw",11
"378","w6jlw74dzd3w4yekgame-level",11
"379","w6jn7x1jndxe54rkgame-level",9
"380","w6jnv51j7dg5ypp2game-level",13
"381","w6jnv51j9kvpqo0kgame-level",9
"382","x3692ldlwdmw6ne2game-level",10
"383","xkdk4g1m02qyyydygame-level",15
"384","xkdkp21m824x9nd5game-level",9
"385","xv1p4m185dwp4ekggame-level",12
"386","y6547nedn2y997zdgame-level",9
"387","y654r24drklv81ndgame-level",9
"388","y654vm4dvdo1voo2game-level",17
"389","y654vm4dzd3xmzvdgame-level",9
"390","y657jedendx19452ewpxmmld",11
"391","y65r341e824xo0edewp7j1zw",10
"392","y65r341e824xo0edkwj75xzw",11
"393","y65r341e824xo0edrdq0o7gw",10
"394","y65r341e824xo0edy9m5j71d",9
"395","y65r341e824xo0edz98ry2rd",14
"396","y65r341exd1mo48dgame-level",11
"397","y65r341ezd30mxedywe21rrw",9
"398","y65x541erklel182game-level",9
"399","yd400g1ezdn7mqkqgame-level",10
"400","yd40gg1exk953y20game-level",11
"401","yd437x1ewk6plnpdgame-level",9
"402","yd478gde5dw43j0kewpn8nj9",9432
"403","yd478gdendx9vv5dgame-level",14
"404","yd478gderklj86ndgame-level",12
"405","yd478gdexd11nz7dgame-level",11
"406","yd478gdezd3vpoe2game-level",11
"407","yd48w56ejdrp8mg2game-level",12
"408","yd48w56ew20z8o5dldye50kw",11
"409","yd48w56ewk6e8oq2game-level",9
"410","yd4jl5de9d8v0v3kgame-level",9
"411","yd4jl5devdo4gwv2game-level",9
"412","yd4jl5dez27ryg4dgame-level",9
"413","yd4o0qw17kj14mzkgame-level",11
"414","yd4o0z517kjqzegdgame-level",21
"415","yd4o0z51wkp3qqw2game-level",9
"416","yd4o4yx1z274gy5269z8y069",11
"417","yd4o4yx1z274gy52yweqrpqw",11
"418","yd4okqp1jdzv8n6kgame-level",10
"419","yd4or2x15dw4j5lkgame-level",11
"420","yd4ovvg15dwg1nlkkwj3v50d",11
"421","yd4ovvg19d849y7kgame-level",13
"422","yd4ovvg19kv7jy8kkwj3v50d",12
"423","yd4ovvg19kv7jy8ky9myz2z9",12
"424","yd4ovvg19kv7jy8kz98m63lw",21
"425","yd4ovvg19kv7jyokgame-level",13
"426","yd4ovvg1mke4xy62kwj3v50d",9
"427","yd4ovvg1mke4xy62z98m63lw",13
"428","yd4ovvg1n2yolnmdgame-level",10
"429","yd4ovvg1ndx9l1jdgame-level",22
"430","yd4ovvg1w20gmyzkgame-level",17
"431","yd4ovvg1xd1gpjrdgame-level",16
"432","yd4ovvg1zdn07092game-level",14
"433","yd4ovvg1zdnlyne2game-level",10
"434","yo1yq2dql9kvoo2ggame-level",9
"435","yo1yq2dqnxd1l7k8game-level",13
"436","yo1yv1q54xk906k0game-level",16
"437","yo1yv1q5vdo46qy2game-level",9
"438","yo1yv1q5xk9g1w6dgame-level",10
"439","yo1yv1q5xk9l5yk0game-level",9
